{
    "algorithm_type": "on_board_training",
    "commit": "bb711f54",
    "compilation_date": "2025-06-19T04:12:27.579936",
    "compilation_flags": {
        "float_abi": "hard",
        "fshort_enums": true,
        "short_wchar": false
    },
    "compilation_str": "{'compilation_dict':{'request_type':'library','api':{'env':'PROD','version':'v3'},'version':{'web_api':{'env':'PROD','version':'v3'},'local_api':{'version':'2025.04.04.1','platform':'win64'},'studio':'5.0.2'},'compilation_flags':{'float_abi':'hard','short_wchar':false,'fshort_enums':true,'use_knowledge':true},'mcu':'cortex-m7_st_stm32h7_nucleo-h723zg','sensor':'multiGeneric','request_origin':'manual','algorithm_type':'on_board_training','lib_version':'v2_bb711f5','info':{'progression':{'evals_done':200000,'optimization_progress':1.0,'elapsed_time':513,'cpu_info':{'cpu_nb_cores':20,'cpu_nb_cores_for_optimization':16},'state':'finished'},'max_ram':564000,'max_flash':1024000,'optimization_global_id':'a4c24e0ba64e8529ffb9bb0702ca680c','version':{'local_api':'2025.04.04.1','studio':'5.0.2'},'creation_date':'2025-06-19T03:53:28+00:00'},'class_names':'nominal,anomaly','results':[{'result_id':57,'combination':[2,0,0,[13,14,12,11,16,17,15,18,7,8,2,1,3,24,20,5,25,21,6,19,0,4,22,10,9,23,26],27,0,1,141,7,0,4,1,6,0.0,0.0,1000000.0,2.34,0,0,0,0.86,0],'model':7,'performance':{'performance':{'score':0.999,'precision':1.0,'precision_confidence_interval':[0.9996,1.0]},'memory_usage':{'estimated_ram':48,'estimated_flash':1576,'estimated_flash_knowledge':76}},'learning_min_lines':10,'knowledge_dat':'eNpjYFBwZGBgcGBAAQ-A_AZ7BgZeZwYMABJvQKhXKfGEMA44AADKzQYx'}],'data':{'nb_cols':141,'nb_lines':[[{'file_type':'nominal','nb_lines':2079},{'file_type':'anomaly','nb_lines':2919}]]},'only_emulators':false,'lock_type':100},'sign':53432,'license_key':'***'}",
    "compile_emulators": true,
    "compile_library": true,
    "data": {
        "nb_cols": 141,
        "nb_lines": [
            [
                {
                    "file_type": "nominal",
                    "nb_lines": 2079
                },
                {
                    "file_type": "anomaly",
                    "nb_lines": 2919
                }
            ]
        ]
    },
    "gcc_version": "arm-none-eabi-gcc (Arm GNU Toolchain 13.2.rel1 (Build arm-13.7)) 13.2.1 20231009",
    "learning_min_lines": 10,
    "lib_limited": false,
    "library_id": "68538e2c5dc907eeffc256ab",
    "library_md5sum": "b3f3601db982f29538af8f4093c00a46",
    "mcu": "cortex-m7_st_stm32h7_nucleo-h723zg",
    "mcu_cpn": "NUCLEO-H723ZG",
    "mcu_display_name": "NUCLEO-H723ZG - STMicroelectronics",
    "mcu_family": "STM32H7 Series",
    "mcu_group": "demo",
    "mcu_type": "cortex-m7",
    "mcu_vendor": "STMicroelectronics",
    "memory_usage": {
        "flash": 1600,
        "ram": 32
    },
    "optimization_info": {
        "creation_date": "2025-06-19T03:53:28+00:00",
        "max_flash": 1024000,
        "max_ram": 564000,
        "optimization_global_id": "a4c24e0ba64e8529ffb9bb0702ca680c",
        "progression": {
            "cpu_info": {
                "cpu_nb_cores": 20,
                "cpu_nb_cores_for_optimization": 16
            },
            "elapsed_time": 513,
            "evals_done": 200000,
            "optimization_progress": 1.0,
            "state": "finished"
        },
        "version": {
            "local_api": "2025.04.04.1",
            "studio": "5.0.2"
        }
    },
    "performance": {
        "memory_usage": {
            "estimated_flash": 1576,
            "estimated_flash_knowledge": 76,
            "estimated_ram": 48
        },
        "performance": {
            "precision": 1.0,
            "precision_confidence_interval": [
                0.9996,
                1.0
            ],
            "score": 0.999
        }
    },
    "request_type": "library",
    "sensor": "multiGeneric",
    "studio_info": {
        "local_api": {
            "platform": "win64",
            "version": "2025.04.04.1"
        },
        "studio": "5.0.2",
        "web_api": {
            "env": "PROD",
            "version": "v3"
        }
    },
    "user_info": {
        "company": "Retired",
        "email": "stevemac321@live.com",
        "first_name": "Stephen",
        "last_name": "Mackenzie"
    }
}